{
  "timestamp": "2026-02-26T00:15:37.917433Z",
  "git_sha": "b5d852ac4de590f36eb0924e81d3244a03d76068",
  "model": "svm_ablation",
  "task": "classify",
  "evaluation": "cv_ablation",
  "cv_folds": 3,
  "seed": 42,
  "primary_metric": {
    "name": "micro_f1",
    "value": 0.9568
  },
  "metrics": {
    "micro_f1": 0.68635,
    "macro_f1": 0.5895888507683306,
    "accuracy": 0.68635,
    "test_micro_f1": 0.68635,
    "per_class_f1": {
      "class_00": 0.5322719449225474,
      "class_01": 0.9587595907928389,
      "class_02": 0.903096903096903,
      "class_03": 0.7487868607689436,
      "class_04": 0.2872542802790108,
      "class_05": 0.6028072837632777,
      "class_06": 0.12943262411347517,
      "class_07": 0.9263492063492064,
      "class_08": 0.8605489326309953,
      "class_09": 0.6914728682170542,
      "class_10": 0.4342857142857143
    },
    "confusion_matrix": [
      [
        1237,
        6,
        0,
        5,
        1147,
        723,
        11,
        1,
        0,
        0,
        8,
        8
      ],
      [
        121,
        2999,
        0,
        0,
        2,
        0,
        0,
        1,
        0,
        0,
        6,
        0
      ],
      [
        0,
        0,
        452,
        1,
        0,
        0,
        0,
        0,
        90,
        0,
        0,
        0
      ],
      [
        1,
        0,
        0,
        1003,
        36,
        0,
        86,
        0,
        212,
        265,
        0,
        0
      ],
      [
        0,
        0,
        0,
        4,
        453,
        512,
        1,
        0,
        0,
        0,
        78,
        0
      ],
      [
        0,
        0,
        0,
        0,
        0,
        1589,
        0,
        0,
        0,
        0,
        0,
        0
      ],
      [
        14,
        0,
        0,
        8,
        465,
        0,
        73,
        0,
        0,
        0,
        0,
        0
      ],
      [
        6,
        69,
        1,
        0,
        1,
        0,
        0,
        1459,
        7,
        2,
        1,
        0
      ],
      [
        1,
        0,
        2,
        0,
        0,
        0,
        0,
        3,
        3104,
        17,
        0,
        0
      ],
      [
        1,
        0,
        0,
        2,
        0,
        0,
        0,
        0,
        65,
        446,
        0,
        0
      ],
      [
        121,
        53,
        3,
        53,
        2,
        859,
        397,
        140,
        609,
        46,
        912,
        0
      ],
      [
        0,
        0,
        0,
        0,
        0,
        0,
        0,
        0,
        0,
        0,
        0,
        0
      ]
    ]
  },
  "test_micro_f1": 0.68635,
  "ablation_best_variant": "A",
  "ablation_best_micro_f1": 0.9568333333333333,
  "ablation_rows": [
    {
      "variant": "A",
      "name": "Raw PCA(50)",
      "micro_f1": 0.9568333333333333,
      "macro_f1": 0.9568768669658159,
      "n_features": 50,
      "fit_time_s": 7.2
    },
    {
      "variant": "B",
      "name": "Plasma descriptor",
      "micro_f1": 0.7331666666666666,
      "macro_f1": 0.731452541306454,
      "n_features": 88,
      "fit_time_s": 77.2
    },
    {
      "variant": "C",
      "name": "NIST windows + PCA",
      "micro_f1": 0.8603333333333333,
      "macro_f1": 0.8597918157044839,
      "n_features": 50,
      "fit_time_s": 1.2
    },
    {
      "variant": "D",
      "name": "Combined (A+B+C)",
      "micro_f1": 0.9513333333333334,
      "macro_f1": 0.9512946557707794,
      "n_features": 188,
      "fit_time_s": 87.1
    }
  ]
}